type:TransferOrder,orderId:TO1742141799855919,title:RENT,description:GIOLDASIS RENT,customer:067688302,amount:450,startDate:2025-04-01,endDate:2025-12-31,fee:1.2,chargeAccount:GR100202503111546004,creditAccount:GR100202503111546003,frequencyInMonths:1,dayOfMonth:1
type:TransferOrder,orderId:TO1742141799855920,title:ENGLISH,description:MARAGKOUDAKIS English,customer:067688303,amount:80,startDate:2025-04-01,endDate:2025-12-31,fee:1.2,chargeAccount:GR100202503111546002,creditAccount:GR100202503111546006,frequencyInMonths:2,dayOfMonth:15
type:TransferOrder,orderId:TO1742141799855921,title:FRENCH,description:GIATRAKOS French,customer:067688304,amount:110,startDate:2025-04-01,endDate:2025-12-31,fee:1.2,chargeAccount:GR100202503111546003,creditAccount:GR100202503111546005,frequencyInMonths:1,dayOfMonth:28
type:PaymentOrder,orderId:PO1742141799855922,paymentCode:RF10203040,title:Cosmote,description:Mobile Bill,customer:067688302,maxAmount:60,startDate:2025-04-01,endDate:2025-12-31,fee:0.3,chargeAccount:GR100202503111546001
type:PaymentOrder,orderId:PO1742141799855923,paymentCode:RF10203043,title:Mobile Payment,description:,customer:067688307,maxAmount:50,startDate:2025-04-01,endDate:2025-12-31,fee:0.3,chargeAccount:GR100202503111546005
type:PaymentOrder,orderId:PO1742141799855924,paymentCode:RF10203041,title:Cosmote Fix,description:Statheri,customer:067688303,maxAmount:60,startDate:2025-04-01,endDate:2025-12-31,fee:0.3,chargeAccount:GR100202503111546002
type:PaymentOrder,orderId:PO1742141799855925,paymentCode:RF10203050,title:Nova TV,description:,customer:067688307,maxAmount:45,startDate:2025-04-01,endDate:2025-12-31,fee:0.3,chargeAccount:GR100202503111546005